width, logGBF
5,3.98228846058
10,18.6020630054
15,20.6965947515
20,21.1947839895
21,21.229466904
22,21.2520456489
23,21.2648455089
24,21.2696984449
25,21.2680610474
26,21.2611020998
27,21.2497657518
28,21.2348204275
29,21.2168957678
30,21.1965105338
35,21.0704522925
40,20.9246517197
