width, logGBF
5,3.98228846058
7,14.2367834212
9,17.6307336668
10,18.6020630054
12,19.8140024874
15,20.6965947515
18,21.0762957847
20,21.1947839895
21,21.229466904
22,21.2520456489
23,21.2648455089
24,21.2696984449
25,21.2680610474
26,21.2611020998
27,21.2497657518
28,21.2348204275
29,21.2168957678
30,21.1965105338
35,21.0704522925
40,20.9246517197
50,20.6251005205
60,20.3431837545
70,20.0869762443
