width, logGBF
1, 4.48363028269
5, 5.94485641676
7, 15.7274412303
8, 16.9941773605
9, 17.6440592145
10, 18.0871562619
11, 18.3961053912
12, 18.6119365642
13, 18.7616210801
14, 18.8635645198
15, 18.9305707857
16, 18.9716893472 
17, 18.9934080153
18, 19.0004436963
19, 18.9962704778
20, 18.9834793965
21, 18.9640248117
22, 18.9393986032
23, 18.9107498955
24, 18.8789719322
25, 18.8447657152
30, 18.6532491317
35, 18.4505203399
40, 18.2510428721
