width, logGBF
5, 5.65576229434
7, 13.0460756977
9, 16.3103587263
10, 17.244374934
12, 18.4077646291
15, 19.248628498
18, 19.601501945
20, 19.7056509532
21, 19.7337770849
22, 19.7501001536
23, 19.7568919316
24, 19.7559452999
25, 19.7486879929
26, 19.7362661511
27, 19.7196076742
28, 19.6994681755
29, 19.6764668984
30, 19.6511147808
35, 19.501675188
40, 19.3345830234
50, 18.997582667
60, 18.6837524613
70, 18.3999860718
